"nombres";"apellido paterno";"apellido materno";"celular"
"Adel";"Acosta";"Pena";"754397050"
"Adonis";"Acuña";"Peña";"365325578"
"Ajaz";"Aguilar";"Peralta";"877742316"
"Akos";"Aguirre";"Peraza";"277670125"
"Aldo";"Agustín";"Perdomo";"665474857"
"Amets";"Ahumada";"Pineda";"735673357"
"Amaro";"Alanis";"Pino";"638644722"
"Aquiles";"Alarcón";"Plácido";"533648705"
"Algimantas";"Alayón";"Ponce";"459424886"
"Alpidio";"Alcázar";"Portillo";"903216547"
"Amrane";"Alcocer";"Prada";"621272493"
"Anish";"Alfaro";"Prieto";"365117293"
"Arián";"Almendárez";"Puente";"615571452"
"Ayun";"Altamirano";"Quesada";"97076396"
"Azariel";"Álvarez";"Quevedo";"856409844"
"Bagrat";"Alzate";"Quijada";"526622226"
"Bencomo";"Amador";"Quijano";"9037136"
"Bertino";"Anaya";"Quintana";"228070471"
"Candi";"Argüelles";"Quintanilla";"726892940"
"Cesc";"Arjona";"Quiroga";"492574568"
"Cirino";"Arriaga";"Quiroz";"681595814"
"Crisólogo";"Arrollo";"Ramírez";"792927625"
"Cruz";"Ayala";"Ramón";"836422978"
"Danilo";"Baca";"Ramos";"484610241"
"Dareck";"Báez";"Rangel";"486315885"
"Dariel";"Baños";"Real";"631672354"
"Darin";"Barba";"Redondo";"469345303"
"Delmiro";"Barrera";"Restrepo";"175235884"
"Damen";"Barrientos";"Reyes";"948713570"
"Dilan";"Barriga";"Rivas";"530717044"
"Dipa";"Bastida";"Rivera";"188807385"
"Doménico";"Batalla";"Roble";"939872261"
"Drago";"Bautista";"Robles";"856265156"
"Edivaldo";"Bazán";"Rojas";"889196427"
"Elvis";"Becerra";"Roldán";"889009745"
"Elyan";"Becerril";"Román";"413792391"
"Emeric";"Bello";"Romero";"420746394"
"Engracio";"Beltrán";"Rosales";"321422660"
"Ensa";"Benítez";"Rosas";"362582187"
"Eñaut";"Bernal";"Rovira";"774275211"
"Eleazar";"Bolaños";"Rubín";"435166607"
"Eros";"Bonilla";"Rubio";"847980750"
"Eufemio";"Borges";"Rueda";"366513216"
"Feiyang";"Bustamante";"Ruiz";"228723031"
"Fiorenzo";"Busto";"Sabín";"777217223"
"Foudil";"Caballero";"Sáenz";"19026982"
"Galo";"Cabeza";"Sagel";"86858872"
"Gastón";"Cabrera";"Sala";"173905939"
"Giulio";"Cadenas";"Salas";"441613369"
"Gautam";"Caldera";"Salazar";"421395410"
"Gentil";"Calleja";"Salcedo";"30995653"
"Gianni";"Calles";"Saldaña";"461843736"
"Gianluca";"Camacho";"Saldivar";"987532333"
"Giorgio";"Camareno";"Salinas";"452375301"
"Gourav";"Camarillo";"Salmón";"605109360"
"Grober";"Campos";"Salvado";"630340671"
"Guido";"Cárdenas";"Samper";"243853683"
"Guifre";"Cardoso";"Sánchez";"572712132"
"Guim";"Carranza";"Sandino";"782451697"
"Hermes";"Carrillo";"Sandoval";"96869894"
"Inge";"Carvajal";"Santiago";"774797464"
"Irai";"Carvallo";"Santos";"992037347"
"Iraitz";"Casas";"Sardinas";"817924856"
"Iyad";"Castellanos";"Sarmiento";"827443624"
"Iyán";"Castañeda";"Saucedo";"40439215"
"Jeremías";"Cepeda";"Savala";"431431134"
"Joao";"Cerda";"Seballos";"170944058"
"Jun";"Cervantes";"Sedano";"585556951"
"Khaled";"Céspedes";"Segura";"193405755"
"Leónidas";"Cevallos";"Silva";"793982915"
"Lier";"Cevedo";"Sol";"147698872"
"Lionel";"Chávez";"Solana";"214220588"
"Lisandro";"Chavira";"Solé";"273189366"
"Lucián";"Cisneros";"Soler";"214462297"
"Mael";"Collado";"Solís";"524876764"
"Misael";"Cordero";"Somoza";"486893343"
"Moad";"Cornejo";"Sorio";"8814407"
"Munir";"Correa";"Sotelo";"29001504"
"Nael";"Corro";"Soto";"361320925"
"Najim";"Cuéllar";"Sotomayor";"63648908"
"Neo";"Cuervo";"Soza";"278194622"
"Neil";"Cuesta";"Suárez";"800941943"
"Nikita";"Cuevas";"Tablada";"416368394"
"Nilo";"Daniel";"Talavera";"741874361"
"Otto";"Darío";"Tames";"286519559"
"Pep";"Dávila";"Taracena";"902812385"
"Policarpo";"DeAguilar";"Tedesco";"209231228"
"Radu";"DeAlba";"Tejada";"707511674"
"Ramsés";"DelaCruz";"Tobar";"344760745"
"Rómulo";"DelaCuesta";"Torre";"458135106"
"Roy";"DelaFuente";"Torrente";"67221591"
"Severo";"DelaRosa";"Tovar";"224884052"
"Sidi";"DelCastillo";"Travieso";"91535148"
"Simeón";"Doblado";"Trejos";"980880221"
"Taha";"Domínguez";"Treminio";"272439109"
"Tao";"Donato";"Triguero";"744552417"
"Vadim";"Dorado";"Troncoso";"175719689"
"Vincenzo";"Duarte";"Trujillo";"1646259"
"Zaid";"Dueñas";"Ulloa";"939513487"
"Zigor";"Echeverría";"Ureña";"214168360"
"Zouhair";"Elizondo";"Uriarte";"130189011"
"Hugo";"Enríquez";"Uribe";"874916586"
"Mateo";"Escalante";"Urieta";"192147803"
"Martín";"Escamilla";"Urrutia";"32456502"
"Lucas";"Escobar";"Usaga";"131488939"
"Leo";"Escobedo";"Uveda";"807899193"
"Daniel";"Escoto";"Valdés";"539438621"
"Alejandro";"Escovar";"Valdiva";"85787746"
"Manuel";"Espino";"Valencia";"319876526"
"Pablo";"Esquivel";"Valentín";"375974774"
"Álvaro";"Estévez";"Valenzuela";"945577089"
"Adrián";"Estrada";"Vales";"115897546"
"Enzo";"Estrella";"Valle";"883656861"
"Mario";"Fábregas";"Vallejo";"278254885"
"Diego";"Falcón";"Vanegas";"789853595"
"David";"Farías";"Varela";"34854418"
"Oliver";"Fernández";"Varga";"921032657"
"Marcos";"Ferreira";"Vargas";"35447147"
"Thiago";"Ferrer";"Vásquez";"786867462"
"Marco";"Fierro";"Vega";"260474891"
"Álex";"Figueras";"Vela";"41405620"
"Javier";"Flores";"Velarde";"108789981"
"Izan";"Fonseca";"Velasco";"962866722"
"Bruno";"Fraga";"Velásquez";"52952307"
"Miguel";"Frías";"Venegas";"247296976"
"Antonio";"Fuentes";"Ventura";"293772654"
"Gonzalo";"Funez";"Verti";"443952421"
"Liam";"Gaitán";"Vidal";"326384905"
"Gael";"Galán";"Villallovos";"127277712"
"Marc";"Galeano";"Villar";"225050856"
"Carlos";"Galeno";"Villareal";"98560770"
"Juan";"Galindo";"Villas";"609569770"
"Ángel";"Gallegos";"Villaseñor";"205785798"
"Dylan";"Galván";"Villeda";"787385716"
"Nicolás";"Gamboa";"Vivas";"261344272"
"José";"Gámez";"Vivero";"722648981"
"Sergio";"García";"Vívez";"160471565"
"Gabriel";"Garrido";"Zabaleta";"455853143"
"Luca";"Gavilán";"Zacarías";"898796213"
"Jorge";"Gayoso";"Zaldívar";"152896396"
"Darío";"Gaytán";"Zambrano";"129795906"
"Íker";"Gillén";"Zamora";"726035687"
"Samuel";"Godines";"Zamudio";"121217571"
"Eric";"Gómez";"Zapata";"956252078"
"Adam";"Góngora";"Zarco";"725890211"
"Héctor";"Granada";"Zavala";"747019320"
"Francisco";"Granados";"Zavaleta";"190593865"
"Rodrigo";"Grijalba";"Zelaya";"917973009"
"Jesús";"Guardado";"Zetina";"222008945"
"Erik";"Guardiola";"Zuleta";"15134283"
"Amir";"Guerrero";"Zúñiga";"823314601"
"Jaime";"Guillén";"Ahumada";"883121509"
"Ian";"Gutiérrez";"Alanis";"110914091"
"Rubén";"Guzmán";"Alarcón";"188755226"
"Aarón";"Heredia";"Alayón";"7927928"
"Iván";"Hernández";"Alcázar";"394805356"
"Pau";"Herrera";"Alcocer";"190824398"
"Víctor";"Hidalgo";"Alfaro";"662020664"
"Guillermo";"Hierro";"Almendárez";"782159134"
"Luis";"Huerta";"Altamirano";"568840929"
"Mohamed";"Hurtado";"Álvarez";"347083790"
"Pedro";"Ibáñez";"Alzate";"404616231"
"Julen";"Ibarra";"Amador";"524044763"
"Unai";"Icaza";"Anaya";"944706648"
"Rafael";"Iglesias";"Argüelles";"749349136"
"Santiago";"Infante";"Arjona";"60696592"
"Saúl";"Ivañez";"Arriaga";"415190015"
"Alberto";"Izquierdo";"Arrollo";"653174772"
"Noah";"Jara";"Ayala";"731609747"
"Aitor";"Jaramillo";"Baca";"493167561"
"Joel";"Jerano";"Báez";"357424597"
"Nil";"Jiménez";"Baños";"287624262"
"Jan";"Juárez";"Barba";"55947067"
"Pol";"Junco";"Barrera";"687130414"
"Raúl";"Jurado";"Hernández";"347866889"
"Matías";"Lacayo";"Herrera";"139161841"
"Martí";"Lafuente";"Hidalgo";"171983175"
"Fernando";"Lagos";"Hierro";"378281702"
"Andrés";"Lagunal";"Huerta";"34759870"
"Rayan";"Lamas";"Hurtado";"898080040"
"Alonso";"Lández";"Ibáñez";"80825238"
"Ismael";"Larios";"Ibarra";"253757768"
"Asier";"Lastreto";"Icaza";"388214877"
"Biel";"Lázaro";"Iglesias";"414405052"
"Ander";"Leandro";"Infante";"525658352"
"Aleix";"Lemus";"Ivañez";"188150940"
"Axel";"Leyva";"Izquierdo";"677779806"
"Alan";"Linares";"Jara";"553316058"
"Ignacio";"Lines";"Jaramillo";"768546852"
"Fabio";"Lira";"Jerano";"134469394"
"Neizan";"Lizano";"Jiménez";"738227214"
"Jon";"Llano";"Juárez";"587235806"
"Teo";"Lobo";"Junco";"331974771"
"Isaac";"Lombardo";"Jurado";"507324309"
"Arnau";"López";"Lacayo";"694836612"
"Luka";"Loredo";"Lafuente";"368349108"
"Max";"Lorio";"Lagos";"37125377"
"Imran";"Losada";"Lagunal";"860473132"
"Youssef";"Lozano";"Lamas";"195207171"
"Anas";"Lucas";"Lández";"270150135"
"Elías";"Lugo";"Larios";"790584027"
"Aarón";"Luna";"Lastreto";"439723787"
"Abdiel";"Macedo";"Lázaro";"461267169"
"Abel";"Machado";"Leandro";"49239877"
"Abimael";"Macías";"Lemus";"349333864"
"Abraham";"Maduro";"Leyva";"351497149"
"Acab";"Magallón";"Maurer";"540914083"
"Adán";"Maldonado";"Medrano";"315342795"
"Agustín";"Maltés";"Medina";"703871323"
"Ahzià";"Mantilla";"Mendoza";"475355333"
"Alejandro";"Manuel";"Mejía";"599367960"
"Andrés";"Manzanal";"Mena";"435979355"
"Aram";"Manzano";"Meneses";"963211099"
"Ashur";"Marcías";"Merazo";"790306986"
"Baltasar";"Marrero";"Meza";"211900663"
"Bartolomé";"Marroquí";"Mijares";"64336227"
"Beltrán";"Martí";"Milanés";"315025987"
"Benjamín";"Martínez";"Minas";"498722775"
"Caín";"Mateo";"Molina";"964569604"
"Caín";"Matías";"Molleda";"545022056"
"Caleb";"Maurer";"Moneda";"265877672"
"Ciro";"Medrano";"Monge";"68581736"
"Dámaso";"Medina";"Montalbán";"175625668"
"Daniel";"Mendoza";"Montalvo";"244718318"
"Darío";"Mejía";"Busto";"611832158"
"David";"Mena";"Caballero";"994436710"
"Demócrito";"Meneses";"Cabeza";"519413739"
"Édgar";"Merazo";"Cabrera";"81005047"
"Efraín";"Meza";"Cadenas";"5617090"
"Elí";"Mijares";"Caldera";"501438530"
"Elías";"Milanés";"Calleja";"437932667"
"Eliel";"Minas";"Calles";"639110721"
"Eliseo";"Molina";"Camacho";"390954786"
"Eneas";"Molleda";"Camareno";"336414380"
"Esteban";"Moneda";"Camarillo";"100977552"
"Esteban";"Monge";"Campos";"914948053"
"Ezequiel";"Montalbán";"Cárdenas";"767146316"
"Fabián";"Montalvo";"Cardoso";"481013313"
"Felipe";"Montecinos";"Carranza";"57020389"
"Félix";"Montero";"Carrillo";"608304071"
"Francisco";"Montes";"Carvajal";"378670491"
"Gabriel";"Montiel";"Carvallo";"550486170"
"Gadiel";"Morillo";"Casas";"217868483"
"Gaspar";"Moscoa";"Castellanos";"769428272"
"Germán";"Munera";"Castañeda";"848511196"
"Guido";"Murillo";"Cepeda";"195749489"
"Herodes";"Naranjo";"Cerda";"250648835"
"Homero";"Navaro";"Cervantes";"489590631"
"Hugo";"Navarrete";"Céspedes";"469794876"
"Isaac";"Navarro";"Cevallos";"191363477"
"Isaías";"Nieto";"Cevedo";"176994929"
"Isaías";"Noble";"Chávez";"294276005"
"Ismael";"Noguera";"Segura";"366357005"
"Israel";"Noriega";"Silva";"854497223"
"Jacob";"Novales";"Sol";"433003369"
"Jaír de Galaad";"Novo";"Solana";"887479892"
"Jairo";"Novoa";"Solé";"270372050"
"Jared";"Núñez";"Soler";"773908047"
"Jehoram";"Obellón";"Solís";"879215166"
"Jeremías";"Obregón";"Somoza";"503440607"
"Jesús";"Ocampo";"Sorio";"568506353"
"Jiram";"Ochoa";"Sotelo";"418141198"
"Joanix";"Ordóñez";"Soto";"415352088"
"Joaquín";"Olguín";"Sotomayor";"441268376"
"Jonás";"Olivar";"Soza";"484840530"
"José";"Olivares";"Suárez";"869789274"
"Josué";"Olivera";"Tablada";"91845155"
"Juan";"Olmeda";"Talavera";"238050455"
"Julio";"Olmedo";"Tames";"671929052"
"Labán";"Olmo";"Taracena";"196764680"
"Lemuel";"Ordóñez";"Tedesco";"408643223"
"Leví";"Orozco";"Tejada";"538111948"
"Lucas";"Ortega";"Tobar";"514895243"
"Lucas";"Ortiz";"Torre";"519776946"
"Marcos";"Oseda";"Torrente";"910188584"
"Marduk";"Osorio";"Tovar";"423902025"
"Mateo";"Ospino";"Travieso";"199201507"
"Mateo";"Otero";"Trejos";"424656765"
"Matías";"Oviedo";"Treminio";"526379982"
"Miguel";"Ozuno";"Triguero";"959404477"
"Moisés";"Pacheco";"Troncoso";"803911100"
"Naín";"Padilla";"Trujillo";"186581953"
"Neftalí";"Páez";"Ulloa";"107781752"
"Neftalí";"Palacio";"Ureña";"310959327"
"Nicolás";"Paladino";"Uriarte";"525398765"
"Noé";"Palazuelos";"Uribe";"179177658"
"Omar";"Palomar";"Urieta";"772217717"
"Pablo";"Palomino";"Urrutia";"300829822"
"Rafael";"Paniagua";"Usaga";"259929386"
"Renato";"Pantoja";"Uveda";"630347512"
"Rubén";"Parado";"Valdés";"613020844"
"Salomón";"Páramo";"Valdiva";"352411197"
"Samuel";"Pardo";"Ibáñez";"786843297"
"Saúl";"Paredes";"Ibarra";"988117183"
"Sergio";"Parra";"Icaza";"618042718"
"Set";"Pastor";"Iglesias";"392896850"
"Simón";"Pastrana";"Infante";"568431223"
"Tobías";"Patiño";"Ivañez";"725233544"
"Uzías";"Paz";"Izquierdo";"646199633"
"Zacarías";"Pedroza";"Jara";"513087423"
